{
  "Alabama": {
    "points_per_game": 35.2,
    "points_allowed_per_game": 18.5,
    "total_yards": 445.8,
    "passing_yards": 285.3,
    "rushing_yards": 160.5,
    "turnovers": 0.8,
    "takeaways": 1.6,
    "off_success_rate": 0.68,
    "def_success_rate": 0.72,
    "off_explosiveness": 0.45,
    "def_explosiveness": 0.38,
    "sp_rating": 0.82
  },
  "Ohio State": {
    "points_per_game": 38.1,
    "points_allowed_per_game": 16.2,
    "total_yards": 465.3,
    "passing_yards": 295.8,
    "rushing_yards": 169.5,
    "turnovers": 0.6,
    "takeaways": 1.8,
    "off_success_rate": 0.71,
    "def_success_rate": 0.75,
    "off_explosiveness": 0.48,
    "def_explosiveness": 0.35,
    "sp_rating": 0.85
  },
  "Utah": {
    "points_per_game": 32.4,
    "points_allowed_per_game": 20.1,
    "total_yards": 425.6,
    "passing_yards": 245.2,
    "rushing_yards": 180.4,
    "turnovers": 1.1,
    "takeaways": 1.4,
    "off_success_rate": 0.65,
    "def_success_rate": 0.68,
    "off_explosiveness": 0.42,
    "def_explosiveness": 0.41,
    "sp_rating": 0.78
  },
  "Iowa": {
    "points_per_game": 28.5,
    "points_allowed_per_game": 15.8,
    "total_yards": 385.2,
    "passing_yards": 195.6,
    "rushing_yards": 189.6,
    "turnovers": 0.9,
    "takeaways": 1.7,
    "off_success_rate": 0.58,
    "def_success_rate": 0.74,
    "off_explosiveness": 0.35,
    "def_explosiveness": 0.38,
    "sp_rating": 0.76
  },
  "BYU": {
    "points_per_game": 29.8,
    "points_allowed_per_game": 22.4,
    "total_yards": 405.3,
    "passing_yards": 265.7,
    "rushing_yards": 139.6,
    "turnovers": 1.2,
    "takeaways": 1.3,
    "off_success_rate": 0.62,
    "def_success_rate": 0.65,
    "off_explosiveness": 0.38,
    "def_explosiveness": 0.42,
    "sp_rating": 0.72
  },
  "Arizona": {
    "points_per_game": 34.2,
    "points_allowed_per_game": 24.8,
    "total_yards": 455.3,
    "passing_yards": 295.7,
    "rushing_yards": 159.6,
    "turnovers": 1.3,
    "takeaways": 1.3,
    "off_success_rate": 0.69,
    "def_success_rate": 0.66,
    "off_explosiveness": 0.46,
    "def_explosiveness": 0.43,
    "sp_rating": 0.76
  },
  "Arkansas": {
    "points_per_game": 32.1,
    "points_allowed_per_game": 21.5,
    "total_yards": 435.2,
    "passing_yards": 275.3,
    "rushing_yards": 159.9,
    "turnovers": 1.1,
    "takeaways": 1.5,
    "off_success_rate": 0.67,
    "def_success_rate": 0.69,
    "off_explosiveness": 0.43,
    "def_explosiveness": 0.39,
    "sp_rating": 0.78
  },
  "Auburn": {
    "points_per_game": 32.1,
    "points_allowed_per_game": 21.5,
    "total_yards": 435.2,
    "passing_yards": 275.3,
    "rushing_yards": 159.9,
    "turnovers": 1.1,
    "takeaways": 1.5,
    "off_success_rate": 0.67,
    "def_success_rate": 0.69,
    "off_explosiveness": 0.43,
    "def_explosiveness": 0.39,
    "sp_rating": 0.78
  },
  "Boston College": {
    "points_per_game": 28.5,
    "points_allowed_per_game": 22.1,
    "total_yards": 405.2,
    "passing_yards": 255.6,
    "rushing_yards": 149.6,
    "turnovers": 1.2,
    "takeaways": 1.2,
    "off_success_rate": 0.62,
    "def_success_rate": 0.67,
    "off_explosiveness": 0.39,
    "def_explosiveness": 0.4,
    "sp_rating": 0.72
  },
  "California": {
    "points_per_game": 28.5,
    "points_allowed_per_game": 22.1,
    "total_yards": 405.2,
    "passing_yards": 255.6,
    "rushing_yards": 149.6,
    "turnovers": 1.2,
    "takeaways": 1.2,
    "off_success_rate": 0.62,
    "def_success_rate": 0.67,
    "off_explosiveness": 0.39,
    "def_explosiveness": 0.4,
    "sp_rating": 0.72
  },
  "Central Michigan": {
    "points_per_game": 29.8,
    "points_allowed_per_game": 19.2,
    "total_yards": 415.6,
    "passing_yards": 245.8,
    "rushing_yards": 169.8,
    "turnovers": 1.0,
    "takeaways": 1.4,
    "off_success_rate": 0.64,
    "def_success_rate": 0.71,
    "off_explosiveness": 0.41,
    "def_explosiveness": 0.37,
    "sp_rating": 0.75
  },
  "Clemson": {
    "points_per_game": 28.5,
    "points_allowed_per_game": 22.1,
    "total_yards": 405.2,
    "passing_yards": 255.6,
    "rushing_yards": 149.6,
    "turnovers": 1.2,
    "takeaways": 1.2,
    "off_success_rate": 0.62,
    "def_success_rate": 0.67,
    "off_explosiveness": 0.39,
    "def_explosiveness": 0.4,
    "sp_rating": 0.72
  },
  "Colgate": {
    "points_per_game": 29.8,
    "points_allowed_per_game": 19.2,
    "total_yards": 415.6,
    "passing_yards": 245.8,
    "rushing_yards": 169.8,
    "turnovers": 1.0,
    "takeaways": 1.4,
    "off_success_rate": 0.64,
    "def_success_rate": 0.71,
    "off_explosiveness": 0.41,
    "def_explosiveness": 0.37,
    "sp_rating": 0.75
  },
  "Colorado": {
    "points_per_game": 34.2,
    "points_allowed_per_game": 24.8,
    "total_yards": 455.3,
    "passing_yards": 295.7,
    "rushing_yards": 159.6,
    "turnovers": 1.3,
    "takeaways": 1.3,
    "off_success_rate": 0.69,
    "def_success_rate": 0.66,
    "off_explosiveness": 0.46,
    "def_explosiveness": 0.43,
    "sp_rating": 0.76
  },
  "Duke": {
    "points_per_game": 28.5,
    "points_allowed_per_game": 22.1,
    "total_yards": 405.2,
    "passing_yards": 255.6,
    "rushing_yards": 149.6,
    "turnovers": 1.2,
    "takeaways": 1.2,
    "off_success_rate": 0.62,
    "def_success_rate": 0.67,
    "off_explosiveness": 0.39,
    "def_explosiveness": 0.4,
    "sp_rating": 0.72
  },
  "Florida": {
    "points_per_game": 32.1,
    "points_allowed_per_game": 21.5,
    "total_yards": 435.2,
    "passing_yards": 275.3,
    "rushing_yards": 159.9,
    "turnovers": 1.1,
    "takeaways": 1.5,
    "off_success_rate": 0.67,
    "def_success_rate": 0.69,
    "off_explosiveness": 0.43,
    "def_explosiveness": 0.39,
    "sp_rating": 0.78
  },
  "Florida State": {
    "points_per_game": 32.1,
    "points_allowed_per_game": 21.5,
    "total_yards": 435.2,
    "passing_yards": 275.3,
    "rushing_yards": 159.9,
    "turnovers": 1.1,
    "takeaways": 1.5,
    "off_success_rate": 0.67,
    "def_success_rate": 0.69,
    "off_explosiveness": 0.43,
    "def_explosiveness": 0.39,
    "sp_rating": 0.78
  },
  "Georgia": {
    "points_per_game": 32.1,
    "points_allowed_per_game": 21.5,
    "total_yards": 435.2,
    "passing_yards": 275.3,
    "rushing_yards": 159.9,
    "turnovers": 1.1,
    "takeaways": 1.5,
    "off_success_rate": 0.67,
    "def_success_rate": 0.69,
    "off_explosiveness": 0.43,
    "def_explosiveness": 0.39,
    "sp_rating": 0.78
  },
  "Georgia Tech": {
    "points_per_game": 32.1,
    "points_allowed_per_game": 21.5,
    "total_yards": 435.2,
    "passing_yards": 275.3,
    "rushing_yards": 159.9,
    "turnovers": 1.1,
    "takeaways": 1.5,
    "off_success_rate": 0.67,
    "def_success_rate": 0.69,
    "off_explosiveness": 0.43,
    "def_explosiveness": 0.39,
    "sp_rating": 0.78
  },
  "Houston": {
    "points_per_game": 34.2,
    "points_allowed_per_game": 24.8,
    "total_yards": 455.3,
    "passing_yards": 295.7,
    "rushing_yards": 159.6,
    "turnovers": 1.3,
    "takeaways": 1.3,
    "off_success_rate": 0.69,
    "def_success_rate": 0.66,
    "off_explosiveness": 0.46,
    "def_explosiveness": 0.43,
    "sp_rating": 0.76
  },
  "Houston Christian": {
    "points_per_game": 34.2,
    "points_allowed_per_game": 24.8,
    "total_yards": 455.3,
    "passing_yards": 295.7,
    "rushing_yards": 159.6,
    "turnovers": 1.3,
    "takeaways": 1.3,
    "off_success_rate": 0.69,
    "def_success_rate": 0.66,
    "off_explosiveness": 0.46,
    "def_explosiveness": 0.43,
    "sp_rating": 0.76
  },
  "Indiana": {
    "points_per_game": 29.8,
    "points_allowed_per_game": 19.2,
    "total_yards": 415.6,
    "passing_yards": 245.8,
    "rushing_yards": 169.8,
    "turnovers": 1.0,
    "takeaways": 1.4,
    "off_success_rate": 0.64,
    "def_success_rate": 0.71,
    "off_explosiveness": 0.41,
    "def_explosiveness": 0.37,
    "sp_rating": 0.75
  },
  "Indiana State": {
    "points_per_game": 29.8,
    "points_allowed_per_game": 19.2,
    "total_yards": 415.6,
    "passing_yards": 245.8,
    "rushing_yards": 169.8,
    "turnovers": 1.0,
    "takeaways": 1.4,
    "off_success_rate": 0.64,
    "def_success_rate": 0.71,
    "off_explosiveness": 0.41,
    "def_explosiveness": 0.37,
    "sp_rating": 0.75
  },
  "Iowa State": {
    "points_per_game": 29.8,
    "points_allowed_per_game": 19.2,
    "total_yards": 415.6,
    "passing_yards": 245.8,
    "rushing_yards": 169.8,
    "turnovers": 1.0,
    "takeaways": 1.4,
    "off_success_rate": 0.64,
    "def_success_rate": 0.71,
    "off_explosiveness": 0.41,
    "def_explosiveness": 0.37,
    "sp_rating": 0.75
  },
  "Kansas State": {
    "points_per_game": 34.2,
    "points_allowed_per_game": 24.8,
    "total_yards": 455.3,
    "passing_yards": 295.7,
    "rushing_yards": 159.6,
    "turnovers": 1.3,
    "takeaways": 1.3,
    "off_success_rate": 0.69,
    "def_success_rate": 0.66,
    "off_explosiveness": 0.46,
    "def_explosiveness": 0.43,
    "sp_rating": 0.76
  },
  "LSU": {
    "points_per_game": 32.1,
    "points_allowed_per_game": 21.5,
    "total_yards": 435.2,
    "passing_yards": 275.3,
    "rushing_yards": 159.9,
    "turnovers": 1.1,
    "takeaways": 1.5,
    "off_success_rate": 0.67,
    "def_success_rate": 0.69,
    "off_explosiveness": 0.43,
    "def_explosiveness": 0.39,
    "sp_rating": 0.78
  },
  "Maryland": {
    "points_per_game": 29.8,
    "points_allowed_per_game": 19.2,
    "total_yards": 415.6,
    "passing_yards": 245.8,
    "rushing_yards": 169.8,
    "turnovers": 1.0,
    "takeaways": 1.4,
    "off_success_rate": 0.64,
    "def_success_rate": 0.71,
    "off_explosiveness": 0.41,
    "def_explosiveness": 0.37,
    "sp_rating": 0.75
  },
  "Miami": {
    "points_per_game": 28.5,
    "points_allowed_per_game": 22.1,
    "total_yards": 405.2,
    "passing_yards": 255.6,
    "rushing_yards": 149.6,
    "turnovers": 1.2,
    "takeaways": 1.2,
    "off_success_rate": 0.62,
    "def_success_rate": 0.67,
    "off_explosiveness": 0.39,
    "def_explosiveness": 0.4,
    "sp_rating": 0.72
  },
  "Michigan": {
    "points_per_game": 29.8,
    "points_allowed_per_game": 19.2,
    "total_yards": 415.6,
    "passing_yards": 245.8,
    "rushing_yards": 169.8,
    "turnovers": 1.0,
    "takeaways": 1.4,
    "off_success_rate": 0.64,
    "def_success_rate": 0.71,
    "off_explosiveness": 0.41,
    "def_explosiveness": 0.37,
    "sp_rating": 0.75
  },
  "Minnesota": {
    "points_per_game": 29.8,
    "points_allowed_per_game": 19.2,
    "total_yards": 415.6,
    "passing_yards": 245.8,
    "rushing_yards": 169.8,
    "turnovers": 1.0,
    "takeaways": 1.4,
    "off_success_rate": 0.64,
    "def_success_rate": 0.71,
    "off_explosiveness": 0.41,
    "def_explosiveness": 0.37,
    "sp_rating": 0.75
  },
  "NC State": {
    "points_per_game": 28.5,
    "points_allowed_per_game": 22.1,
    "total_yards": 405.2,
    "passing_yards": 255.6,
    "rushing_yards": 149.6,
    "turnovers": 1.2,
    "takeaways": 1.2,
    "off_success_rate": 0.62,
    "def_success_rate": 0.67,
    "off_explosiveness": 0.39,
    "def_explosiveness": 0.4,
    "sp_rating": 0.72
  },
  "Nebraska": {
    "points_per_game": 29.8,
    "points_allowed_per_game": 19.2,
    "total_yards": 415.6,
    "passing_yards": 245.8,
    "rushing_yards": 169.8,
    "turnovers": 1.0,
    "takeaways": 1.4,
    "off_success_rate": 0.64,
    "def_success_rate": 0.71,
    "off_explosiveness": 0.41,
    "def_explosiveness": 0.37,
    "sp_rating": 0.75
  },
  "New Mexico": {
    "points_per_game": 29.8,
    "points_allowed_per_game": 19.2,
    "total_yards": 415.6,
    "passing_yards": 245.8,
    "rushing_yards": 169.8,
    "turnovers": 1.0,
    "takeaways": 1.4,
    "off_success_rate": 0.64,
    "def_success_rate": 0.71,
    "off_explosiveness": 0.41,
    "def_explosiveness": 0.37,
    "sp_rating": 0.75
  },
  "Northwestern": {
    "points_per_game": 29.8,
    "points_allowed_per_game": 19.2,
    "total_yards": 415.6,
    "passing_yards": 245.8,
    "rushing_yards": 169.8,
    "turnovers": 1.0,
    "takeaways": 1.4,
    "off_success_rate": 0.64,
    "def_success_rate": 0.71,
    "off_explosiveness": 0.41,
    "def_explosiveness": 0.37,
    "sp_rating": 0.75
  },
  "Notre Dame": {
    "points_per_game": 29.8,
    "points_allowed_per_game": 19.2,
    "total_yards": 415.6,
    "passing_yards": 245.8,
    "rushing_yards": 169.8,
    "turnovers": 1.0,
    "takeaways": 1.4,
    "off_success_rate": 0.64,
    "def_success_rate": 0.71,
    "off_explosiveness": 0.41,
    "def_explosiveness": 0.37,
    "sp_rating": 0.75
  },
  "Ohio": {
    "points_per_game": 29.8,
    "points_allowed_per_game": 19.2,
    "total_yards": 415.6,
    "passing_yards": 245.8,
    "rushing_yards": 169.8,
    "turnovers": 1.0,
    "takeaways": 1.4,
    "off_success_rate": 0.64,
    "def_success_rate": 0.71,
    "off_explosiveness": 0.41,
    "def_explosiveness": 0.37,
    "sp_rating": 0.75
  },
  "Oklahoma": {
    "points_per_game": 32.1,
    "points_allowed_per_game": 21.5,
    "total_yards": 435.2,
    "passing_yards": 275.3,
    "rushing_yards": 159.9,
    "turnovers": 1.1,
    "takeaways": 1.5,
    "off_success_rate": 0.67,
    "def_success_rate": 0.69,
    "off_explosiveness": 0.43,
    "def_explosiveness": 0.39,
    "sp_rating": 0.78
  },
  "Old Dominion": {
    "points_per_game": 29.8,
    "points_allowed_per_game": 19.2,
    "total_yards": 415.6,
    "passing_yards": 245.8,
    "rushing_yards": 169.8,
    "turnovers": 1.0,
    "takeaways": 1.4,
    "off_success_rate": 0.64,
    "def_success_rate": 0.71,
    "off_explosiveness": 0.41,
    "def_explosiveness": 0.37,
    "sp_rating": 0.75
  },
  "Ole Miss": {
    "points_per_game": 32.1,
    "points_allowed_per_game": 21.5,
    "total_yards": 435.2,
    "passing_yards": 275.3,
    "rushing_yards": 159.9,
    "turnovers": 1.1,
    "takeaways": 1.5,
    "off_success_rate": 0.67,
    "def_success_rate": 0.69,
    "off_explosiveness": 0.43,
    "def_explosiveness": 0.39,
    "sp_rating": 0.78
  },
  "Oregon": {
    "points_per_game": 29.8,
    "points_allowed_per_game": 19.2,
    "total_yards": 415.6,
    "passing_yards": 245.8,
    "rushing_yards": 169.8,
    "turnovers": 1.0,
    "takeaways": 1.4,
    "off_success_rate": 0.64,
    "def_success_rate": 0.71,
    "off_explosiveness": 0.41,
    "def_explosiveness": 0.37,
    "sp_rating": 0.75
  },
  "Oregon State": {
    "points_per_game": 29.8,
    "points_allowed_per_game": 19.2,
    "total_yards": 415.6,
    "passing_yards": 245.8,
    "rushing_yards": 169.8,
    "turnovers": 1.0,
    "takeaways": 1.4,
    "off_success_rate": 0.64,
    "def_success_rate": 0.71,
    "off_explosiveness": 0.41,
    "def_explosiveness": 0.37,
    "sp_rating": 0.75
  },
  "Penn State": {
    "points_per_game": 29.8,
    "points_allowed_per_game": 19.2,
    "total_yards": 415.6,
    "passing_yards": 245.8,
    "rushing_yards": 169.8,
    "turnovers": 1.0,
    "takeaways": 1.4,
    "off_success_rate": 0.64,
    "def_success_rate": 0.71,
    "off_explosiveness": 0.41,
    "def_explosiveness": 0.37,
    "sp_rating": 0.75
  },
  "Pittsburgh": {
    "points_per_game": 28.5,
    "points_allowed_per_game": 22.1,
    "total_yards": 405.2,
    "passing_yards": 255.6,
    "rushing_yards": 149.6,
    "turnovers": 1.2,
    "takeaways": 1.2,
    "off_success_rate": 0.62,
    "def_success_rate": 0.67,
    "off_explosiveness": 0.39,
    "def_explosiveness": 0.4,
    "sp_rating": 0.72
  },
  "Purdue": {
    "points_per_game": 29.8,
    "points_allowed_per_game": 19.2,
    "total_yards": 415.6,
    "passing_yards": 245.8,
    "rushing_yards": 169.8,
    "turnovers": 1.0,
    "takeaways": 1.4,
    "off_success_rate": 0.64,
    "def_success_rate": 0.71,
    "off_explosiveness": 0.41,
    "def_explosiveness": 0.37,
    "sp_rating": 0.75
  },
  "South Florida": {
    "points_per_game": 32.1,
    "points_allowed_per_game": 21.5,
    "total_yards": 435.2,
    "passing_yards": 275.3,
    "rushing_yards": 159.9,
    "turnovers": 1.1,
    "takeaways": 1.5,
    "off_success_rate": 0.67,
    "def_success_rate": 0.69,
    "off_explosiveness": 0.43,
    "def_explosiveness": 0.39,
    "sp_rating": 0.78
  },
  "Stanford": {
    "points_per_game": 28.5,
    "points_allowed_per_game": 22.1,
    "total_yards": 405.2,
    "passing_yards": 255.6,
    "rushing_yards": 149.6,
    "turnovers": 1.2,
    "takeaways": 1.2,
    "off_success_rate": 0.62,
    "def_success_rate": 0.67,
    "off_explosiveness": 0.39,
    "def_explosiveness": 0.4,
    "sp_rating": 0.72
  },
  "Syracuse": {
    "points_per_game": 28.5,
    "points_allowed_per_game": 22.1,
    "total_yards": 405.2,
    "passing_yards": 255.6,
    "rushing_yards": 149.6,
    "turnovers": 1.2,
    "takeaways": 1.2,
    "off_success_rate": 0.62,
    "def_success_rate": 0.67,
    "off_explosiveness": 0.39,
    "def_explosiveness": 0.4,
    "sp_rating": 0.72
  },
  "TCU": {
    "points_per_game": 34.2,
    "points_allowed_per_game": 24.8,
    "total_yards": 455.3,
    "passing_yards": 295.7,
    "rushing_yards": 159.6,
    "turnovers": 1.3,
    "takeaways": 1.3,
    "off_success_rate": 0.69,
    "def_success_rate": 0.66,
    "off_explosiveness": 0.46,
    "def_explosiveness": 0.43,
    "sp_rating": 0.76
  },
  "Temple": {
    "points_per_game": 29.8,
    "points_allowed_per_game": 19.2,
    "total_yards": 415.6,
    "passing_yards": 245.8,
    "rushing_yards": 169.8,
    "turnovers": 1.0,
    "takeaways": 1.4,
    "off_success_rate": 0.64,
    "def_success_rate": 0.71,
    "off_explosiveness": 0.41,
    "def_explosiveness": 0.37,
    "sp_rating": 0.75
  },
  "Tennessee": {
    "points_per_game": 32.1,
    "points_allowed_per_game": 21.5,
    "total_yards": 435.2,
    "passing_yards": 275.3,
    "rushing_yards": 159.9,
    "turnovers": 1.1,
    "takeaways": 1.5,
    "off_success_rate": 0.67,
    "def_success_rate": 0.69,
    "off_explosiveness": 0.43,
    "def_explosiveness": 0.39,
    "sp_rating": 0.78
  },
  "Texas": {
    "points_per_game": 32.1,
    "points_allowed_per_game": 21.5,
    "total_yards": 435.2,
    "passing_yards": 275.3,
    "rushing_yards": 159.9,
    "turnovers": 1.1,
    "takeaways": 1.5,
    "off_success_rate": 0.67,
    "def_success_rate": 0.69,
    "off_explosiveness": 0.43,
    "def_explosiveness": 0.39,
    "sp_rating": 0.78
  },
  "Texas A&M": {
    "points_per_game": 32.1,
    "points_allowed_per_game": 21.5,
    "total_yards": 435.2,
    "passing_yards": 275.3,
    "rushing_yards": 159.9,
    "turnovers": 1.1,
    "takeaways": 1.5,
    "off_success_rate": 0.67,
    "def_success_rate": 0.69,
    "off_explosiveness": 0.43,
    "def_explosiveness": 0.39,
    "sp_rating": 0.78
  },
  "Texas Tech": {
    "points_per_game": 32.1,
    "points_allowed_per_game": 21.5,
    "total_yards": 435.2,
    "passing_yards": 275.3,
    "rushing_yards": 159.9,
    "turnovers": 1.1,
    "takeaways": 1.5,
    "off_success_rate": 0.67,
    "def_success_rate": 0.69,
    "off_explosiveness": 0.43,
    "def_explosiveness": 0.39,
    "sp_rating": 0.78
  },
  "Towson": {
    "points_per_game": 29.8,
    "points_allowed_per_game": 19.2,
    "total_yards": 415.6,
    "passing_yards": 245.8,
    "rushing_yards": 169.8,
    "turnovers": 1.0,
    "takeaways": 1.4,
    "off_success_rate": 0.64,
    "def_success_rate": 0.71,
    "off_explosiveness": 0.41,
    "def_explosiveness": 0.37,
    "sp_rating": 0.75
  },
  "Tulane": {
    "points_per_game": 29.8,
    "points_allowed_per_game": 19.2,
    "total_yards": 415.6,
    "passing_yards": 245.8,
    "rushing_yards": 169.8,
    "turnovers": 1.0,
    "takeaways": 1.4,
    "off_success_rate": 0.64,
    "def_success_rate": 0.71,
    "off_explosiveness": 0.41,
    "def_explosiveness": 0.37,
    "sp_rating": 0.75
  },
  "UCF": {
    "points_per_game": 34.2,
    "points_allowed_per_game": 24.8,
    "total_yards": 455.3,
    "passing_yards": 295.7,
    "rushing_yards": 159.6,
    "turnovers": 1.3,
    "takeaways": 1.3,
    "off_success_rate": 0.69,
    "def_success_rate": 0.66,
    "off_explosiveness": 0.46,
    "def_explosiveness": 0.43,
    "sp_rating": 0.76
  },
  "UCLA": {
    "points_per_game": 29.8,
    "points_allowed_per_game": 19.2,
    "total_yards": 415.6,
    "passing_yards": 245.8,
    "rushing_yards": 169.8,
    "turnovers": 1.0,
    "takeaways": 1.4,
    "off_success_rate": 0.64,
    "def_success_rate": 0.71,
    "off_explosiveness": 0.41,
    "def_explosiveness": 0.37,
    "sp_rating": 0.75
  },
  "USC": {
    "points_per_game": 29.8,
    "points_allowed_per_game": 19.2,
    "total_yards": 415.6,
    "passing_yards": 245.8,
    "rushing_yards": 169.8,
    "turnovers": 1.0,
    "takeaways": 1.4,
    "off_success_rate": 0.64,
    "def_success_rate": 0.71,
    "off_explosiveness": 0.41,
    "def_explosiveness": 0.37,
    "sp_rating": 0.75
  },
  "Virginia": {
    "points_per_game": 28.5,
    "points_allowed_per_game": 22.1,
    "total_yards": 405.2,
    "passing_yards": 255.6,
    "rushing_yards": 149.6,
    "turnovers": 1.2,
    "takeaways": 1.2,
    "off_success_rate": 0.62,
    "def_success_rate": 0.67,
    "off_explosiveness": 0.39,
    "def_explosiveness": 0.4,
    "sp_rating": 0.72
  },
  "Virginia Tech": {
    "points_per_game": 28.5,
    "points_allowed_per_game": 22.1,
    "total_yards": 405.2,
    "passing_yards": 255.6,
    "rushing_yards": 149.6,
    "turnovers": 1.2,
    "takeaways": 1.2,
    "off_success_rate": 0.62,
    "def_success_rate": 0.67,
    "off_explosiveness": 0.39,
    "def_explosiveness": 0.4,
    "sp_rating": 0.72
  },
  "Wake Forest": {
    "points_per_game": 28.5,
    "points_allowed_per_game": 22.1,
    "total_yards": 405.2,
    "passing_yards": 255.6,
    "rushing_yards": 149.6,
    "turnovers": 1.2,
    "takeaways": 1.2,
    "off_success_rate": 0.62,
    "def_success_rate": 0.67,
    "off_explosiveness": 0.39,
    "def_explosiveness": 0.4,
    "sp_rating": 0.72
  },
  "West Virginia": {
    "points_per_game": 34.2,
    "points_allowed_per_game": 24.8,
    "total_yards": 455.3,
    "passing_yards": 295.7,
    "rushing_yards": 159.6,
    "turnovers": 1.3,
    "takeaways": 1.3,
    "off_success_rate": 0.69,
    "def_success_rate": 0.66,
    "off_explosiveness": 0.46,
    "def_explosiveness": 0.43,
    "sp_rating": 0.76
  },
  "William & Mary": {
    "points_per_game": 29.8,
    "points_allowed_per_game": 19.2,
    "total_yards": 415.6,
    "passing_yards": 245.8,
    "rushing_yards": 169.8,
    "turnovers": 1.0,
    "takeaways": 1.4,
    "off_success_rate": 0.64,
    "def_success_rate": 0.71,
    "off_explosiveness": 0.41,
    "def_explosiveness": 0.37,
    "sp_rating": 0.75
  },
  "Wisconsin": {
    "points_per_game": 29.8,
    "points_allowed_per_game": 19.2,
    "total_yards": 415.6,
    "passing_yards": 245.8,
    "rushing_yards": 169.8,
    "turnovers": 1.0,
    "takeaways": 1.4,
    "off_success_rate": 0.64,
    "def_success_rate": 0.71,
    "off_explosiveness": 0.41,
    "def_explosiveness": 0.37,
    "sp_rating": 0.75
  }
}